{
    "id": "duckyo-build-in",
    "version": 2024,
    "packageVersion": 1, 
    "resources": [
        {
            "id": "01",
            "path": "duck-1.gif"
        },
        {
            "id": "02",
            "path": "duck-2.gif"
        },
        {
            "id": "03",
            "path": "duck-3.gif"
        },
        {
            "id": "04",
            "path": "duck-4.gif"
        },
        {
            "id": "05",
            "path": "duck-5.gif"
        },
        {
            "id": "06",
            "path": "duck-6.gif"
        },
        {
            "id": "07",
            "path": "duck-7.gif"
        },
        {
            "id": "08",
            "path": "duck-8.gif"
        },
        {
            "id": "09",
            "path": "duck-9.gif"
        },
        {
            "id": "10",
            "path": "duck-10.gif"
        },
        {
            "id": "11",
            "path": "duck-11.gif"
        },
        {
            "id": "12",
            "path": "duck-12.gif"
        },
        {
            "id": "13",
            "path": "duck-13.gif"
        },
        {
            "id": "14",
            "path": "duck-14.gif"
        },
        {
            "id": "15",
            "path": "duck-15.gif"
        },
        {
            "id": "16",
            "path": "duck-16.gif"
        },
        {
            "id": "17",
            "path": "duck-17.gif"
        },
        {
            "id": "18",
            "path": "duck-18.gif"
        }
    ]
}