{
    "id": "genshin-build-in",
    "version": 2024,
    "packageVersion": 1, 
    "resources": [
        {
            "id": "01",
            "path": "01.gif"
        },
        {
            "id": "02",
            "path": "02.gif"
        },
        {
            "id": "03",
            "path": "03.gif"
        },
        {
            "id": "04",
            "path": "04.gif"
        },
        {
            "id": "05",
            "path": "05.gif"
        },
        {
            "id": "06",
            "path": "06.gif"
        },
        {
            "id": "07",
            "path": "07.gif"
        },
        {
            "id": "08",
            "path": "08.gif"
        },
        {
            "id": "09",
            "path": "09.gif"
        }
    ]
}