{
    "resources": [
        {
            "id": "FB4B61FB-301D-4D4D-8680-69994C819353",
            "path": "FB4B61FB-301D-4D4D-8680-69994C819353.gif"
        },
        {
            "path": "D3EF5224-168D-4F97-A88B-D6556E2092B9.gif",
            "id": "D3EF5224-168D-4F97-A88B-D6556E2092B9"
        },
        {
            "path": "2C79169C-2D03-431D-B8C2-3B1963FF2A70.gif",
            "id": "2C79169C-2D03-431D-B8C2-3B1963FF2A70"
        },
        {
            "id": "CCCC44F1-9671-4EC7-B83E-C857063C956A",
            "path": "CCCC44F1-9671-4EC7-B83E-C857063C956A.gif"
        },
        {
            "id": "7533582E-9B79-4EFD-8A71-5E9B806C9BAA",
            "path": "7533582E-9B79-4EFD-8A71-5E9B806C9BAA.gif"
        }
    ],
    "id": "donald-trump-sticker",
    "version": 2024,
    "packageVersion": 0
}