{
    "id" : "klee-pet",
    "config" : {
        "fps" : 10,
        "width" : 80,
        "height" : 80
    },
    "initial" : {
        "action"  : "walk",
        "direction" : "right"
    },
    "actions" : {
        "idle" : {
            "path" : "idle"
        },
        "walk" : {
            "path" : "walk",
            "moveSpeedX" : 1
        },
        "riseUp" : {
            "path" : "fly"
        },
        "fallDown" : {
            "path" : "fall",
            "moveSpeedY" : 0,
            "accelerationY" : 0.1
        },
        "jump" : {
            "path" : "jump"
        },
        "bomb" : {
            "path" : "bomb",
            "playMode" : "linearMode"
        }
    },
    "events" : {
        "onHover" : "idle",
        "onTap" : "attack",
        "onDrag" : "riseUp",
        "onDrop" : "fallDown",
        "onNormal" : "fly",
        "onCrash" : "bomb"
    }
}