{
    "id" : "mona-pet",
    "config" : {
        "fps" : 10,
        "width" : 64,
        "height" : 64,
        "interpolation" : "none"
    },
    "initial" : {
        "action"  : "walk",
        "direction" : "left"
    },
    "actions" : {
        "walk" : {
            "path" : "walk",
            "moveSpeedX" : 1
        },
        "drag" : {
            "path" : "walk"
        },
        "drop" : {
            "path" : "walk",
            "moveSpeedY" : 2,
            "accelerationY" : 0.2
        }
    },
    "events" : {
        "onDrag" : "drag",
        "onDrop" : "drop",
        "onNormal" : "walk"
    }
}