{
    "id" : "keqing-pet",
    "config" : {
        "fps" : 10,
        "width" : 64,
        "height" : 64,
        "interpolation" : "none"
    },
    "initial" : {
        "action"  : "walk",
        "direction" : "right"
    },
    "actions" : {
        "idle" : {
            "path" : "idle"
        },
        "walk" : {
            "path" : "walk",
            "moveSpeedX" : 1
        },
        "riseUp" : {
            "path" : "fly"
        },
        "fallDown" : {
            "path" : "fly",
            "moveSpeedY" : 1,
            "accelerationY" : 0.1
        },
        "attack" : {
            "path" : "attack"
        },
        "change" : {
            "path" : "change",
            "playMode" : "linearMode"
        }
    },
    "events" : {
        "onHover" : "idle",
        "onTap" : "attack",
        "onDrag" : "riseUp",
        "onDrop" : "fallDown",
        "onNormal" : "walk",
        "onCrash" : "change"
    }
}